row_0based,col_0based,latitude_deg,longitude_deg,ami_channel_id_1based,ami_channel,raw_word_hex,dn,radiance_estimate_mW_m-2_sr-1_per_cm-1,BT_K,DQF_raw,DQF_after_radiance_validation,DQF_reader,fill_mask,invalid_calibrated_radiance
318,46,35.4696967237249,122.08691430980114,10,wv073,0x18d1,6353.0,17.447731614112854,263.27173234565174,0,0,0,False,False
318,46,35.4696967237249,122.08691430980114,11,ir087,0x0ffc,4092.0,58.796062726527154,290.35233608809466,0,0,0,False,False
318,46,35.4696967237249,122.08691430980114,12,ir096,0x158a,5514.0,47.07555971667193,264.6023952813385,0,0,0,False,False
318,46,35.4696967237249,122.08691430980114,13,ir105,0x0d4c,3404.0,94.11389566957928,292.886953381167,0,0,0,False,False
318,46,35.4696967237249,122.08691430980114,14,ir112,0x0cb3,3251.0,106.24968635477119,292.3881266115107,0,0,0,False,False
318,46,35.4696967237249,122.08691430980114,15,ir123,0x0ca3,3235.0,115.01541760377499,289.5735004638443,0,0,0,False,False
318,46,35.4696967237249,122.08691430980114,16,ir133,0x0fc6,4038.0,100.08579586446302,274.511983510095,0,0,0,False,False
318,47,35.46939697046025,122.10993641255938,10,wv073,0x18d3,6355.0,17.428335070610046,263.23250084711685,0,0,0,False,False
318,47,35.46939697046025,122.10993641255938,11,ir087,0x0fea,4074.0,59.05671451799542,290.5743973351482,0,0,0,False,False
318,47,35.46939697046025,122.10993641255938,12,ir096,0x1586,5510.0,47.14693390205525,264.67308459640975,0,0,0,False,False
318,47,35.46939697046025,122.10993641255938,13,ir105,0x0d45,3397.0,94.25263353809692,292.9771249290562,0,0,0,False,False
318,47,35.46939697046025,122.10993641255938,14,ir112,0x0cb1,3249.0,106.2930353265255,292.4149853775458,0,0,0,False,False
318,47,35.46939697046025,122.10993641255938,15,ir123,0x0ca5,3237.0,114.96865765936586,289.54476738503445,0,0,0,False,False
318,47,35.46939697046025,122.10993641255938,16,ir133,0x0fcd,4045.0,99.91566956788319,274.39605149470856,0,0,0,False,False
318,48,35.469098363191826,122.13295678111797,10,wv073,0x18cb,6347.0,17.505921244621277,263.3892354486167,0,0,0,False,False
318,48,35.469098363191826,122.13295678111797,11,ir087,0x0fff,4095.0,58.752620761282444,290.31526297184695,0,0,0,False,False
318,48,35.469098363191826,122.13295678111797,12,ir096,0x158a,5514.0,47.07555971667193,264.6023952813385,0,0,0,False,False
318,48,35.469098363191826,122.13295678111797,13,ir105,0x0d4b,3403.0,94.1337153650818,292.89983983819235,0,0,0,False,False
318,48,35.469098363191826,122.13295678111797,14,ir112,0x0cb9,3257.0,106.11963943950826,292.30751331125003,0,0,0,False,False
318,48,35.469098363191826,122.13295678111797,15,ir123,0x0cac,3244.0,114.8049978539339,289.444152750462,0,0,0,False,False
318,48,35.469098363191826,122.13295678111797,16,ir133,0x0fcc,4044.0,99.93997332453745,274.41261952661165,0,0,0,False,False
318,49,35.46880090166048,122.15597542232636,10,wv073,0x18d0,6352.0,17.457429885864258,263.29133611315865,0,0,0,False,False
318,49,35.46880090166048,122.15597542232636,11,ir087,0x105c,4188.0,57.40591983869643,289.1569336489133,0,0,0,False,False
318,49,35.46880090166048,122.15597542232636,12,ir096,0x15ac,5548.0,46.468879140913714,263.9986986066561,0,0,0,False,False
318,49,35.46880090166048,122.15597542232636,13,ir105,0x0d9c,3484.0,92.52832002937771,291.8507898109595,0,0,0,False,False
318,49,35.46880090166048,122.15597542232636,14,ir112,0x0cf5,3317.0,104.81917028687889,291.49830325833096,0,0,0,False,False
318,49,35.46880090166048,122.15597542232636,15,ir123,0x0ccd,3277.0,114.03345877118322,288.96879791176934,0,0,0,False,False
318,49,35.46880090166048,122.15597542232636,16,ir133,0x0fdb,4059.0,99.57541697472351,274.1638773656654,0,0,0,False,False
318,50,35.468504585610724,122.1789923430296,10,wv073,0x18c9,6345.0,17.525317788124084,263.4283395618416,0,0,0,False,False
318,50,35.468504585610724,122.1789923430296,11,ir087,0x1082,4226.0,56.85565494559676,288.67848531608007,0,0,0,False,False
318,50,35.468504585610724,122.1789923430296,12,ir096,0x15bf,5567.0,46.129851760342945,263.6590989970933,0,0,0,False,False
318,50,35.468504585610724,122.1789923430296,13,ir105,0x0dc7,3527.0,91.67607312276937,291.2895039483703,0,0,0,False,False
318,50,35.468504585610724,122.1789923430296,14,ir112,0x0d17,3351.0,104.08223776705557,291.03723815467356,0,0,0,False,False
318,50,35.468504585610724,122.1789923430296,15,ir123,0x0ce4,3300.0,113.4957194104782,288.63647884730545,0,0,0,False,False
318,50,35.468504585610724,122.1789923430296,16,ir133,0x0fdc,4060.0,99.55111321806925,274.1472776297427,0,0,0,False,False
319,46,35.444766164541576,122.08907511360361,10,wv073,0x18d2,6354.0,17.43803334236145,263.252120592941,0,0,0,False,False
319,46,35.444766164541576,122.08907511360361,11,ir087,0x0fb3,4019.0,59.85315054748177,291.2489516762392,0,0,0,False,False
319,46,35.444766164541576,122.08907511360361,12,ir096,0x1569,5481.0,47.66439674608432,265.1835110806034,0,0,0,False,False
319,46,35.444766164541576,122.08907511360361,13,ir105,0x0d0c,3340.0,95.38235618174053,293.7084781065267,0,0,0,False,False
319,46,35.444766164541576,122.08907511360361,14,ir112,0x0c88,3208.0,107.1816892474889,292.96423872419206,0,0,0,False,False
319,46,35.444766164541576,122.08907511360361,15,ir123,0x0c86,3206.0,115.6934367977074,289.98943594950543,0,0,0,False,False
319,46,35.444766164541576,122.08907511360361,16,ir133,0x0fc3,4035.0,100.15870713442581,274.5616371216448,0,0,0,False,False
319,47,35.444466814467056,122.11208894634642,10,wv073,0x18d2,6354.0,17.43803334236145,263.252120592941,0,0,0,False,False
319,47,35.444466814467056,122.11208894634642,11,ir087,0x0fea,4074.0,59.05671451799542,290.5743973351482,0,0,0,False,False
319,47,35.444466814467056,122.11208894634642,12,ir096,0x157f,5503.0,47.27183872647606,264.7966234595134,0,0,0,False,False
319,47,35.444466814467056,122.11208894634642,13,ir105,0x0d32,3378.0,94.62920775264479,293.22148165867765,0,0,0,False,False
319,47,35.444466814467056,122.11208894634642,14,ir112,0x0ca5,3237.0,106.55312915705137,292.57600876695363,0,0,0,False,False
319,47,35.444466814467056,122.11208894634642,15,ir123,0x0c9d,3229.0,115.15569743700239,289.65966253904065,0,0,0,False,False
319,47,35.444466814467056,122.11208894634642,16,ir133,0x0fca,4042.0,99.98858083784597,274.44574927151046,0,0,0,False,False
319,48,35.44416860882662,122.1351010470217,10,wv073,0x18d0,6352.0,17.457429885864258,263.29133611315865,0,0,0,False,False
319,48,35.44416860882662,122.1351010470217,11,ir087,0x1035,4149.0,57.970665386877656,289.6448400784055,0,0,0,False,False
319,48,35.44416860882662,122.1351010470217,12,ir096,0x159f,5535.0,46.7008452434095,264.2301266857389,0,0,0,False,False
319,48,35.44416860882662,122.1351010470217,13,ir105,0x0d79,3449.0,93.2220093719659,292.3053938211503,0,0,0,False,False
319,48,35.44416860882662,122.1351010470217,14,ir112,0x0cdd,3293.0,105.33935794793064,291.8226619405564,0,0,0,False,False
319,48,35.44416860882662,122.1351010470217,15,ir123,0x0cc6,3270.0,114.19711857661518,289.06977313685115,0,0,0,False,False
319,48,35.44416860882662,122.1351010470217,16,ir133,0x0fd6,4054.0,99.69693575799482,274.24684426659536,0,0,0,False,False
319,49,35.443871547363216,122.15811142246987,10,wv073,0x18cc,6348.0,17.496222972869873,263.3696714889125,0,0,0,False,False
319,49,35.443871547363216,122.15811142246987,11,ir087,0x1066,4198.0,57.261113287880725,289.0313203821514,0,0,0,False,False
319,49,35.443871547363216,122.15811142246987,12,ir096,0x15b4,5556.0,46.326130770147074,263.85590685421806,0,0,0,False,False
319,49,35.443871547363216,122.15811142246987,13,ir105,0x0da2,3490.0,92.40940185636259,291.7726552791615,0,0,0,False,False
319,49,35.443871547363216,122.15811142246987,14,ir112,0x0cfd,3325.0,104.64577439986164,291.38998219623676,0,0,0,False,False
319,49,35.443871547363216,122.15811142246987,15,ir123,0x0cda,3290.0,113.72951913252386,288.7810680017278,0,0,0,False,False
319,49,35.443871547363216,122.15811142246987,16,ir133,0x0fda,4058.0,99.59972073137777,274.1804749818346,0,0,0,False,False
319,50,35.44357562982074,122.18112007952752,10,wv073,0x18ce,6350.0,17.476826429367065,263.3305197241384,0,0,0,False,False
319,50,35.44357562982074,122.18112007952752,11,ir087,0x10a1,4257.0,56.40675463806809,288.2859051155447,0,0,0,False,False
319,50,35.44357562982074,122.18112007952752,12,ir096,0x15c8,5576.0,45.96925984323049,263.49766775226277,0,0,0,False,False
319,50,35.44357562982074,122.18112007952752,13,ir105,0x0dd8,3544.0,91.33913829922653,291.0667472035294,0,0,0,False,False
319,50,35.44357562982074,122.18112007952752,14,ir112,0x0d28,3368.0,103.71377150714392,290.80601497305594,0,0,0,False,False
319,50,35.44357562982074,122.18112007952752,15,ir123,0x0cf5,3317.0,113.09825988300058,288.39031331195855,0,0,0,False,False
319,50,35.44357562982074,122.18112007952752,16,ir133,0x0fe8,4072.0,99.2594681382181,273.9479151362614,0,0,0,False,False
320,46,35.419847445702544,122.09123222241392,10,wv073,0x18d3,6355.0,17.428335070610046,263.23250084711685,0,0,0,False,False
320,46,35.419847445702544,122.09123222241392,11,ir087,0x0fea,4074.0,59.05671451799542,290.5743973351482,0,0,0,False,False
320,46,35.419847445702544,122.09123222241392,12,ir096,0x157e,5502.0,47.28968227282189,264.81425451804523,0,0,0,False,False
320,46,35.419847445702544,122.09123222241392,13,ir105,0x0d36,3382.0,94.54992897063471,293.17008593889767,0,0,0,False,False
320,46,35.419847445702544,122.09123222241392,14,ir112,0x0ca3,3235.0,106.59647812880569,292.6028245040311,0,0,0,False,False
320,46,35.419847445702544,122.09123222241392,15,ir123,0x0ca7,3239.0,114.92189771495673,289.51602810552714,0,0,0,False,False
320,46,35.419847445702544,122.09123222241392,16,ir133,0x0fd3,4051.0,99.76984702795761,274.2965990158846,0,0,0,False,False
320,47,35.41954849804441,122.11423779945179,10,wv073,0x18d1,6353.0,17.447731614112854,263.27173234565174,0,0,0,False,False
320,47,35.41954849804441,122.11423779945179,11,ir087,0x1022,4130.0,58.24579783342749,289.8814045148652,0,0,0,False,False
320,47,35.41954849804441,122.11423779945179,12,ir096,0x1593,5523.0,46.91496779955946,264.44308878316025,0,0,0,False,False
320,47,35.41954849804441,122.11423779945179,13,ir105,0x0d63,3427.0,93.65804267302133,292.59012099044975,0,0,0,False,False
320,47,35.41954849804441,122.11423779945179,14,ir112,0x0ccb,3275.0,105.72949869371945,292.06533938041594,0,0,0,False,False
320,47,35.41954849804441,122.11423779945179,15,ir123,0x0cc1,3265.0,114.31401843763801,289.1418512444227,0,0,0,False,False
320,47,35.41954849804441,122.11423779945179,16,ir133,0x0fd7,4055.0,99.67263200134056,274.2302551206321,0,0,0,False,False
320,48,35.41925069326254,122.13724164654832,10,wv073,0x18d0,6352.0,17.457429885864258,263.29133611315865,0,0,0,False,False
320,48,35.41925069326254,122.13724164654832,11,ir087,0x108c,4236.0,56.71084839478106,288.55207070015797,0,0,0,False,False
320,48,35.41925069326254,122.13724164654832,12,ir096,0x15c0,5568.0,46.112008213997115,263.64118031341025,0,0,0,False,False
320,48,35.41925069326254,122.13724164654832,13,ir105,0x0dc6,3526.0,91.69589281827189,291.3025921545636,0,0,0,False,False
320,48,35.41925069326254,122.13724164654832,14,ir112,0x0d1b,3355.0,103.99553982354695,290.982874309017,0,0,0,False,False
320,48,35.41925069326254,122.13724164654832,15,ir123,0x0cee,3310.0,113.26191968843254,288.4917312292452,0,0,0,False,False
320,48,35.41925069326254,122.13724164654832,16,ir133,0x0fe6,4070.0,99.30807565152662,273.9811634897418,0,0,0,False,False
320,49,35.41895403109975,122.16024377053546,10,wv073,0x18cf,6351.0,17.46712815761566,263.3109319033592,0,0,0,False,False
320,49,35.41895403109975,122.16024377053546,11,ir087,0x10c1,4289.0,55.94337367545784,287.8784920324212,0,0,0,False,False
320,49,35.41895403109975,122.16024377053546,12,ir096,0x15d7,5591.0,45.70160664804304,263.22779598318726,0,0,0,False,False
320,49,35.41895403109975,122.16024377053546,13,ir105,0x0df8,3576.0,90.7049080431459,290.64611402260726,0,0,0,False,False
320,49,35.41895403109975,122.16024377053546,14,ir112,0x0d40,3392.0,103.19358384609217,290.4787913966756,0,0,0,False,False
320,49,35.41895403109975,122.16024377053546,15,ir123,0x0d0b,3339.0,112.58390049450013,288.07106185559593,0,0,0,False,False
320,49,35.41895403109975,122.16024377053546,16,ir133,0x0feb,4075.0,99.18655686825531,273.8980266193265,0,0,0,False,False
320,50,35.418658511300926,122.18324417824101,10,wv073,0x18cd,6349.0,17.48652470111847,263.3500995833693,0,0,0,False,False
320,50,35.418658511300926,122.18324417824101,11,ir087,0x10cd,4301.0,55.769605814479,287.72513764834565,0,0,0,False,False
320,50,35.418658511300926,122.18324417824101,12,ir096,0x15de,5598.0,45.57670182362223,263.10150271523355,0,0,0,False,False
320,50,35.418658511300926,122.18324417824101,13,ir105,0x0e02,3586.0,90.50671108812071,290.51430825385677,0,0,0,False,False
320,50,35.418658511300926,122.18324417824101,14,ir112,0x0d4c,3404.0,102.93349001556629,290.3148302011868,0,0,0,False,False
320,50,35.418658511300926,122.18324417824101,15,ir123,0x0d10,3344.0,112.4670006334773,287.9983964791149,0,0,0,False,False
320,50,35.418658511300926,122.18324417824101,16,ir133,0x0ff3,4083.0,98.99212681502121,273.7648966155393,0,0,0,False,False
321,46,35.39494054529897,122.09338564525387,10,wv073,0x18d5,6357.0,17.40893852710724,263.1932373444281,0,0,0,False,False
321,46,35.39494054529897,122.09338564525387,11,ir087,0x1076,4214.0,57.0294228065756,288.82990284720745,0,0,0,False,False
321,46,35.39494054529897,122.09338564525387,12,ir096,0x15bc,5564.0,46.183382399380434,263.71282793933386,0,0,0,False,False
321,46,35.39494054529897,122.09338564525387,13,ir105,0x0dbe,3518.0,91.85445038229204,291.4072374718568,0,0,0,False,False
321,46,35.39494054529897,122.09338564525387,14,ir112,0x0d12,3346.0,104.19061019644136,291.10515704815936,0,0,0,False,False
321,46,35.39494054529897,122.09338564525387,15,ir123,0x0cf1,3313.0,113.19177977181884,288.44827596005155,0,0,0,False,False
321,46,35.39494054529897,122.09338564525387,16,ir133,0x0fe9,4073.0,99.23516438156383,273.9312877630679,0,0,0,False,False
321,47,35.394641999287366,122.11638298086139,10,wv073,0x18d3,6355.0,17.428335070610046,263.23250084711685,0,0,0,False,False
321,47,35.394641999287366,122.11638298086139,11,ir087,0x10ad,4269.0,56.232986777089245,288.13338508400693,0,0,0,False,False
321,47,35.394641999287366,122.11638298086139,12,ir096,0x15d2,5586.0,45.79082437977219,263.31786757433645,0,0,0,False,False
321,47,35.394641999287366,122.11638298086139,13,ir105,0x0def,3567.0,90.88328530266858,290.76459307940934,0,0,0,False,False
321,47,35.394641999287366,122.11638298086139,14,ir112,0x0d37,3383.0,103.38865421898657,290.6016091533124,0,0,0,False,False
321,47,35.394641999287366,122.11638298086139,15,ir123,0x0d07,3335.0,112.67742038331839,288.1291652349017,0,0,0,False,False
321,47,35.394641999287366,122.11638298086139,16,ir133,0x0fe8,4072.0,99.2594681382181,273.9479151362614,0,0,0,False,False
321,48,35.394344594596404,122.1393785886484,10,wv073,0x18d4,6356.0,17.418636798858643,263.2128731002573,0,0,0,False,False
321,48,35.394344594596404,122.1393785886484,11,ir087,0x10f8,4344.0,55.14693764597149,287.17301060254516,0,0,0,False,False
321,48,35.394344594596404,122.1393785886484,12,ir096,0x15f4,5620.0,45.18414380401397,262.70310345060267,0,0,0,False,False
321,48,35.394344594596404,122.1393785886484,13,ir105,0x0e37,3639.0,89.45626722648717,289.8128582362669,0,0,0,False,False
321,48,35.394344594596404,122.1393785886484,14,ir112,0x0d70,3440.0,102.15320852398867,289.821536849478,0,0,0,False,False
321,48,35.394344594596404,122.1393785886484,15,ir123,0x0d21,3361.0,112.06954110599968,287.7510328078419,0,0,0,False,False
321,48,35.394344594596404,122.1393785886484,16,ir133,0x0ff9,4089.0,98.84630427509563,273.66495921216426,0,0,0,False,False
321,49,35.39404833097001,122.16237247543809,10,wv073,0x18ce,6350.0,17.476826429367065,263.3305197241384,0,0,0,False,False
321,49,35.39404833097001,122.16237247543809,11,ir087,0x1118,4376.0,54.683556683361246,286.75944437011503,0,0,0,False,False
321,49,35.39404833097001,122.16237247543809,12,ir096,0x1603,5635.0,44.91649060882652,262.4301692655392,0,0,0,False,False
321,49,35.39404833097001,122.16237247543809,13,ir105,0x0e56,3670.0,88.84185666590906,289.40030369865354,0,0,0,False,False
321,49,35.39404833097001,122.16237247543809,14,ir112,0x0d88,3464.0,101.63302086293692,289.4914895568388,0,0,0,False,False
321,49,35.39404833097001,122.16237247543809,15,ir123,0x0d30,3376.0,111.71884152293119,287.5323822333377,0,0,0,False,False
321,49,35.39404833097001,122.16237247543809,16,ir133,0x0ffb,4091.0,98.79769676178711,273.6316295821999,0,0,0,False,False
321,50,35.39375320815374,122.18536464804957,10,wv073,0x18cf,6351.0,17.46712815761566,263.3109319033592,0,0,0,False,False
321,50,35.39375320815374,122.18536464804957,11,ir087,0x111e,4382.0,54.596672752871825,286.6816428382416,0,0,0,False,False
321,50,35.39375320815374,122.18536464804957,12,ir096,0x1607,5639.0,44.8451164234432,262.3572073498781,0,0,0,False,False
321,50,35.39375320815374,122.18536464804957,13,ir105,0x0e62,3682.0,88.60402031987883,289.2401493454109,0,0,0,False,False
321,50,35.39375320815374,122.18536464804957,14,ir112,0x0d8e,3470.0,101.50297394767398,289.4088284132086,0,0,0,False,False
321,50,35.39375320815374,122.18536464804957,15,ir123,0x0d38,3384.0,111.53180174529466,287.4156189554227,0,0,0,False,False
321,50,35.39375320815374,122.18536464804957,16,ir133,0x0fff,4095.0,98.70048173517006,273.5649445358241,0,0,0,False,False
322,46,35.37004544148219,122.09553539111262,10,wv073,0x18d4,6356.0,17.418636798858643,263.2128731002573,0,0,0,False,False
322,46,35.37004544148219,122.09553539111262,11,ir087,0x10f6,4342.0,55.17589895613463,287.19878205572564,0,0,0,False,False
322,46,35.37004544148219,122.09553539111262,12,ir096,0x15f6,5622.0,45.14845671132231,262.66677338272615,0,0,0,False,False
322,46,35.37004544148219,122.09553539111262,13,ir105,0x0e41,3649.0,89.25807027146197,289.679960856778,0,0,0,False,False
322,46,35.37004544148219,122.09553539111262,14,ir112,0x0d7a,3450.0,101.9364636652171,289.6841330004447,0,0,0,False,False
322,46,35.37004544148219,122.09553539111262,15,ir123,0x0d28,3368.0,111.90588130056771,287.6490413285548,0,0,0,False,False
322,46,35.37004544148219,122.09553539111262,16,ir133,0x0ff7,4087.0,98.89491178840416,273.6982802562501,0,0,0,False,False
322,47,35.369747296349125,122.11852449952917,10,wv073,0x18d5,6357.0,17.40893852710724,263.1932373444281,0,0,0,False,False
322,47,35.369747296349125,122.11852449952917,11,ir087,0x110d,4365.0,54.84284388925852,286.90186833697925,0,0,0,False,False
322,47,35.369747296349125,122.11852449952917,12,ir096,0x15ff,5631.0,44.98786479420984,262.50305542517935,0,0,0,False,False
322,47,35.369747296349125,122.11852449952917,13,ir105,0x0e56,3670.0,88.84185666590906,289.40030369865354,0,0,0,False,False
322,47,35.369747296349125,122.11852449952917,14,ir112,0x0d86,3462.0,101.67636983469123,289.5190299629497,0,0,0,False,False
322,47,35.369747296349125,122.11852449952917,15,ir123,0x0d2c,3372.0,111.81236141174945,287.59072478520324,0,0,0,False,False
322,47,35.369747296349125,122.11852449952917,16,ir133,0x0ffd,4093.0,98.74908924847858,273.59829135915646,0,0,0,False,False
322,48,35.369450290984155,122.14151188224048,10,wv073,0x18d4,6356.0,17.418636798858643,263.2128731002573,0,0,0,False,False
322,48,35.369450290984155,122.14151188224048,11,ir087,0x1126,4390.0,54.480827512219264,286.5777798941949,0,0,0,False,False
322,48,35.369450290984155,122.14151188224048,12,ir096,0x1607,5639.0,44.8451164234432,262.3572073498781,0,0,0,False,False
322,48,35.369450290984155,122.14151188224048,13,ir105,0x0e69,3689.0,88.46528245136119,289.1466077307127,0,0,0,False,False
322,48,35.369450290984155,122.14151188224048,14,ir112,0x0d95,3477.0,101.35125254653389,289.31231458218514,0,0,0,False,False
322,48,35.369450290984155,122.14151188224048,15,ir123,0x0d38,3384.0,111.53180174529466,287.4156189554227,0,0,0,False,False
322,48,35.369450290984155,122.14151188224048,16,ir133,0x1005,4101.0,98.55465919524448,273.4648523918496,0,0,0,False,False
322,49,35.36915442513225,122.16449754606097,10,wv073,0x18d5,6357.0,17.40893852710724,263.1932373444281,0,0,0,False,False
322,49,35.36915442513225,122.16449754606097,11,ir087,0x112d,4397.0,54.37946292664827,286.48677983465643,0,0,0,False,False
322,49,35.36915442513225,122.16449754606097,12,ir096,0x160e,5646.0,44.72021159902239,262.22934107750325,0,0,0,False,False
322,49,35.36915442513225,122.16449754606097,13,ir105,0x0e6f,3695.0,88.34636427834607,289.0663596362667,0,0,0,False,False
322,49,35.36915442513225,122.16449754606097,14,ir112,0x0d9d,3485.0,101.17785665951664,289.20191280886587,0,0,0,False,False
322,49,35.36915442513225,122.16449754606097,15,ir123,0x0d3a,3386.0,111.48504180088553,287.3864118224899,0,0,0,False,False
322,49,35.36915442513225,122.16449754606097,16,ir133,0x1007,4103.0,98.50605168193596,273.4314710950693,0,0,0,False,False
322,50,35.368859698538735,122.1874814978013,10,wv073,0x18d2,6354.0,17.43803334236145,263.252120592941,0,0,0,False,False
322,50,35.368859698538735,122.1874814978013,11,ir087,0x1138,4408.0,54.220175720751,286.3435525746143,0,0,0,False,False
322,50,35.368859698538735,122.1874814978013,12,ir096,0x1610,5648.0,44.68452450633073,262.1927649676645,0,0,0,False,False
322,50,35.368859698538735,122.1874814978013,13,ir105,0x0e79,3705.0,88.14816732332088,288.9324696870723,0,0,0,False,False
322,50,35.368859698538735,122.1874814978013,14,ir112,0x0da1,3489.0,101.09115871600801,289.14667172822146,0,0,0,False,False
322,50,35.368859698538735,122.1874814978013,15,ir123,0x0d3f,3391.0,111.3681419398627,287.31336539053996,0,0,0,False,False
322,50,35.368859698538735,122.1874814978013,16,ir133,0x1000,4096.0,98.6761779785158,273.54826789679385,0,0,0,False,False
