row_0based,col_0based,nominal_latitude_deg,nominal_longitude_deg,CloudPhase_raw,CloudType_raw,CloudPhaseFlag_raw,flag_outside_declared_0_1_range,SatelliteZenithAngle_deg,SatelliteAzimuthAngle_deg
202,24,35.373905181884766,122.19466400146484,1,2,0,False,69.01966094970703,-91.50778198242188
202,25,35.373558044433594,122.17772674560547,1,2,0,False,68.9880599975586,-91.51764678955078
202,26,35.373207092285156,122.16080474853516,1,2,0,False,68.95646667480469,-91.52751922607422
202,27,35.372859954833984,122.14390563964844,1,2,0,False,68.92491149902344,-91.537353515625
202,28,35.37251281738281,122.12705993652344,1,2,0,False,68.89338684082031,-91.54718017578125
202,29,35.372161865234375,122.11026000976562,1,2,0,False,68.86188507080078,-91.55697631835938
202,30,35.37181091308594,122.0934829711914,1,2,0,False,68.83042907714844,-91.5667495727539
203,24,35.38819885253906,122.19450378417969,1,2,0,False,69.02020263671875,-91.5680160522461
203,25,35.387840270996094,122.17752075195312,1,2,0,False,68.98858642578125,-91.57791900634766
203,26,35.387481689453125,122.16061401367188,1,2,0,False,68.95700073242188,-91.58780670166016
203,27,35.387115478515625,122.14371490478516,1,2,0,False,68.92544555664062,-91.59766387939453
203,28,35.38675308227539,122.12686920166016,1,2,0,False,68.8939208984375,-91.60749816894531
203,29,35.38639831542969,122.11006927490234,1,2,0,False,68.86243438720703,-91.61731719970703
203,30,35.386024475097656,122.09329223632812,1,2,0,False,68.83096313476562,-91.62710571289062
204,24,35.40248489379883,122.19432830810547,1,2,0,False,69.02079010009766,-91.62825775146484
204,25,35.40211486816406,122.17736053466797,1,2,0,False,68.98918151855469,-91.63818359375
204,26,35.40174102783203,122.16043090820312,1,2,0,False,68.95758819580078,-91.64807891845703
204,27,35.40137481689453,122.14354705810547,1,2,0,False,68.92603302001953,-91.657958984375
204,28,35.401004791259766,122.12669372558594,1,2,0,False,68.89451599121094,-91.66780853271484
204,29,35.4006233215332,122.10986328125,1,2,0,False,68.86302185058594,-91.67764282226562
204,30,35.4002571105957,122.09308624267578,1,2,0,False,68.83154296875,-91.68745422363281
205,24,35.416778564453125,122.19416046142578,1,2,0,False,69.02143859863281,-91.6884994506836
205,25,35.41639709472656,122.17720794677734,1,2,0,False,68.98982238769531,-91.69842529296875
205,26,35.41602325439453,122.16027069091797,1,2,0,False,68.9582290649414,-91.7083511352539
205,27,35.4156379699707,122.14338684082031,1,2,0,False,68.92668914794922,-91.7182388305664
205,28,35.41525650024414,122.12651824951172,1,2,5,True,68.89515686035156,-91.72811889648438
205,29,35.41486740112305,122.10971069335938,1,2,0,False,68.8636703491211,-91.73796081542969
205,30,35.41447448730469,122.09291076660156,1,2,0,False,68.83219146728516,-91.747802734375
206,24,35.43107604980469,122.19400787353516,1,2,0,False,69.02213287353516,-91.74871826171875
206,25,35.43068313598633,122.17704772949219,1,2,0,False,68.99052429199219,-91.7586669921875
206,26,35.43029022216797,122.16011810302734,1,2,0,False,68.95893859863281,-91.76860809326172
206,27,35.429893493652344,122.14320373535156,1,2,0,False,68.92738342285156,-91.77851867675781
206,28,35.429500579833984,122.12635040283203,1,2,0,False,68.89585876464844,-91.78841400146484
206,29,35.42910385131836,122.10953521728516,1,2,0,False,68.8643569946289,-91.79827880859375
206,30,35.4287109375,122.0927734375,1,2,0,False,68.83289337158203,-91.8081283569336
207,24,35.44536590576172,122.1938705444336,1,2,0,False,69.02289581298828,-91.80892944335938
207,25,35.444969177246094,122.17691040039062,1,2,0,False,68.99127960205078,-91.81890869140625
207,26,35.44456481933594,122.15996551513672,1,2,0,False,68.9596939086914,-91.828857421875
207,27,35.44415283203125,122.14307403564453,1,2,0,False,68.92813873291016,-91.83879089355469
207,28,35.443748474121094,122.12621307373047,1,2,0,False,68.8966064453125,-91.84869384765625
207,29,35.44333267211914,122.10938262939453,1,2,0,False,68.8651123046875,-91.85858917236328
207,30,35.442928314208984,122.09259796142578,1,2,0,False,68.8336410522461,-91.86844635009766
211,24,35.37696075439453,122.18667602539062,1,2,0,False,69.01850891113281,-91.0627212524414
211,25,35.376705169677734,122.16972351074219,1,2,0,False,68.98689270019531,-91.07251739501953
211,26,35.3764533996582,122.1528091430664,1,2,0,False,68.9552993774414,-91.08229064941406
211,27,35.376190185546875,122.13591003417969,1,2,0,False,68.92373657226562,-91.09204864501953
211,28,35.37592315673828,122.11905670166016,1,2,0,False,68.89222717285156,-91.1017837524414
211,29,35.37565231323242,122.10224151611328,1,2,0,False,68.86071014404297,-91.11149597167969
211,30,35.37539291381836,122.08547973632812,1,2,0,False,68.82923889160156,-91.12118530273438
212,24,35.39125442504883,122.18643188476562,1,2,0,False,69.01866912841797,-91.12300872802734
212,25,35.39098358154297,122.16947937011719,1,2,0,False,68.98704528808594,-91.13282012939453
212,26,35.390708923339844,122.15253448486328,1,2,0,False,68.9554443359375,-91.14261627197266
212,27,35.390438079833984,122.13565063476562,1,2,0,False,68.92388916015625,-91.15238189697266
212,28,35.39016342163086,122.1187973022461,1,2,0,False,68.89236450195312,-91.16215515136719
212,29,35.389892578125,122.10198211669922,1,2,0,False,68.8608627319336,-91.171875
212,30,35.38959884643555,122.08518981933594,1,2,0,False,68.82938385009766,-91.18158721923828
213,24,35.40554428100586,122.18619537353516,1,2,0,False,69.01885986328125,-91.18329620361328
213,25,35.40525817871094,122.16922760009766,1,2,0,False,68.98724365234375,-91.19313049316406
213,26,35.40497589111328,122.15229034423828,1,2,0,False,68.95565032958984,-91.20294189453125
213,27,35.404693603515625,122.13540649414062,1,2,5,True,68.9240951538086,-91.21273040771484
213,28,35.40440368652344,122.11853790283203,1,2,5,True,68.89256286621094,-91.22250366210938
213,29,35.404109954833984,122.10172271728516,1,2,0,False,68.8610610961914,-91.23225402832031
213,30,35.40382385253906,122.08494567871094,1,2,0,False,68.82958984375,-91.2419662475586
214,24,35.41983413696289,122.18596649169922,1,2,0,False,69.01911926269531,-91.24356842041016
214,25,35.4195442199707,122.16899871826172,1,2,0,False,68.98750305175781,-91.25341796875
214,26,35.41923904418945,122.15204620361328,1,2,0,False,68.9559097290039,-91.26325225830078
214,27,35.418949127197266,122.13516235351562,1,2,5,True,68.92434692382812,-91.27306365966797
214,28,35.41864776611328,122.11829376220703,1,2,5,True,68.89281463623047,-91.28285217285156
214,29,35.41835021972656,122.10147857666016,1,2,5,True,68.86131286621094,-91.2926254272461
214,30,35.41804885864258,122.08468627929688,1,2,0,False,68.82984161376953,-91.30236053466797
215,24,35.434120178222656,122.18572998046875,1,2,0,False,69.01942443847656,-91.30384826660156
215,25,35.43382263183594,122.16876220703125,1,2,0,False,68.98780822753906,-91.313720703125
215,26,35.433509826660156,122.15182495117188,1,2,0,False,68.95620727539062,-91.32356262207031
215,27,35.433204650878906,122.13492584228516,1,2,5,True,68.9246597290039,-91.3333969116211
215,28,35.43289566040039,122.11805725097656,1,2,5,True,68.89312744140625,-91.34319305419922
215,29,35.43258285522461,122.10124206542969,1,2,5,True,68.86163330078125,-91.35297393798828
215,30,35.432273864746094,122.08445739746094,1,2,0,False,68.83015441894531,-91.36273956298828
216,24,35.44841384887695,122.1855239868164,1,2,0,False,69.0197982788086,-91.36410522460938
216,25,35.448097229003906,122.16854858398438,1,2,0,False,68.9881820678711,-91.3740005493164
216,26,35.44778060913086,122.151611328125,1,2,0,False,68.95658874511719,-91.38386535644531
216,27,35.44746398925781,122.13472747802734,1,2,0,False,68.92503356933594,-91.39370727539062
216,28,35.447139739990234,122.11784362792969,1,2,0,False,68.89348602294922,-91.40353393554688
216,29,35.44681930541992,122.10102081298828,1,2,0,False,68.86199951171875,-91.41333770751953
217,24,35.462711334228516,122.1853256225586,1,2,0,False,69.02022552490234,-91.42436218261719
217,25,35.46237564086914,122.1683578491211,1,2,0,False,68.98860168457031,-91.43426513671875
217,26,35.46205139160156,122.15140533447266,1,2,0,False,68.9570083618164,-91.44416046142578
217,27,35.46172332763672,122.13449096679688,1,2,0,False,68.92544555664062,-91.45402526855469
217,28,35.461387634277344,122.11762237548828,1,2,0,False,68.8939208984375,-91.46385192871094
217,29,35.46105194091797,122.1008071899414,1,2,0,False,68.86241912841797,-91.47367858886719
224,23,35.43741989135742,122.19625091552734,1,2,0,False,69.05345153808594,-90.84809875488281
224,24,35.437198638916016,122.17922973632812,1,2,0,False,69.02179718017578,-90.85791015625
224,25,35.436981201171875,122.16226196289062,1,2,0,False,68.99017333984375,-90.86768341064453
224,26,35.43675994873047,122.14530944824219,1,2,0,False,68.95858001708984,-90.87745666503906
224,27,35.436546325683594,122.12841033935547,1,2,0,False,68.92701721191406,-90.88719940185547
224,28,35.43632125854492,122.11154174804688,1,2,0,False,68.8954849243164,-90.89691925048828
224,29,35.436092376708984,122.09471130371094,1,2,0,False,68.8639907836914,-90.90660858154297
225,23,35.45172119140625,122.19599151611328,1,2,0,False,69.05342864990234,-90.90837860107422
225,24,35.45149612426758,122.178955078125,1,2,0,False,69.02178192138672,-90.91820526123047
225,25,35.45125198364258,122.1619644165039,1,2,0,False,68.99015045166016,-90.92800903320312
225,26,35.451026916503906,122.14502716064453,1,2,0,False,68.95855712890625,-90.93778991699219
225,27,35.4507942199707,122.12811279296875,1,2,0,False,68.927001953125,-90.94754791259766
225,28,35.4505615234375,122.11125946044922,1,2,0,False,68.89546966552734,-90.95728302001953
225,29,35.4503288269043,122.09442901611328,1,2,0,False,68.86397552490234,-90.96700286865234
