direction,category,description,declared_perturbation,input_units,affected_levels,active_input_delta_min,active_input_delta_max,active_input_delta_nonzero_levels,channel_id_1based,channel_name,delta_bt_kma_k,huber_slope_djo_dbt,delta_jo_linear,delta_jo_units,term_group
skin_T_plus_1K,surface,+1 K in the saved skin-temperature scalar,"{""kind"": ""absolute"", ""units"": ""K"", ""value"": 1.0}",K,1,1.0,1.0,1,10,wv073,2.8276595725958245e-06,-1.0,-2.8276595725958245e-06,dimensionless,channels_10_to_15
skin_T_plus_1K,surface,+1 K in the saved skin-temperature scalar,"{""kind"": ""absolute"", ""units"": ""K"", ""value"": 1.0}",K,1,1.0,1.0,1,11,ir087,0.5126617349232452,1.0,0.5126617349232452,dimensionless,channels_10_to_15
skin_T_plus_1K,surface,+1 K in the saved skin-temperature scalar,"{""kind"": ""absolute"", ""units"": ""K"", ""value"": 1.0}",K,1,1.0,1.0,1,12,ir096,0.37647504901341694,1.0,0.37647504901341694,dimensionless,channels_10_to_15
skin_T_plus_1K,surface,+1 K in the saved skin-temperature scalar,"{""kind"": ""absolute"", ""units"": ""K"", ""value"": 1.0}",K,1,1.0,1.0,1,13,ir105,0.556796984160401,1.0,0.556796984160401,dimensionless,channels_10_to_15
skin_T_plus_1K,surface,+1 K in the saved skin-temperature scalar,"{""kind"": ""absolute"", ""units"": ""K"", ""value"": 1.0}",K,1,1.0,1.0,1,14,ir112,0.4671514307628932,1.0,0.4671514307628932,dimensionless,channels_10_to_15
skin_T_plus_1K,surface,+1 K in the saved skin-temperature scalar,"{""kind"": ""absolute"", ""units"": ""K"", ""value"": 1.0}",K,1,1.0,1.0,1,15,ir123,0.2946899620965724,1.0,0.2946899620965724,dimensionless,channels_10_to_15
skin_T_plus_1K,surface,+1 K in the saved skin-temperature scalar,"{""kind"": ""absolute"", ""units"": ""K"", ""value"": 1.0}",K,1,1.0,1.0,1,16,ir133,0.09535265114020032,1.0,0.09535265114020032,dimensionless,channel_16_ir133
reference_o3_plus_1pct,reference_gas,"+1% of the 69-level reference O3 profile, projected to active levels","{""fraction"": 0.01, ""kind"": ""relative"", ""units"": ""of the 69-level reference profile""}",ppmv_moist_reference,66,0.0003011784,0.09784090000000001,66,10,wv073,-9.002463633170367e-06,-1.0,9.002463633170367e-06,dimensionless,channels_10_to_15
reference_o3_plus_1pct,reference_gas,"+1% of the 69-level reference O3 profile, projected to active levels","{""fraction"": 0.01, ""kind"": ""relative"", ""units"": ""of the 69-level reference profile""}",ppmv_moist_reference,66,0.0003011784,0.09784090000000001,66,11,ir087,-0.004213081578989665,1.0,-0.004213081578989665,dimensionless,channels_10_to_15
reference_o3_plus_1pct,reference_gas,"+1% of the 69-level reference O3 profile, projected to active levels","{""fraction"": 0.01, ""kind"": ""relative"", ""units"": ""of the 69-level reference profile""}",ppmv_moist_reference,66,0.0003011784,0.09784090000000001,66,12,ir096,-0.12501077016914888,1.0,-0.12501077016914888,dimensionless,channels_10_to_15
reference_o3_plus_1pct,reference_gas,"+1% of the 69-level reference O3 profile, projected to active levels","{""fraction"": 0.01, ""kind"": ""relative"", ""units"": ""of the 69-level reference profile""}",ppmv_moist_reference,66,0.0003011784,0.09784090000000001,66,13,ir105,-0.0034550710100888305,1.0,-0.0034550710100888305,dimensionless,channels_10_to_15
reference_o3_plus_1pct,reference_gas,"+1% of the 69-level reference O3 profile, projected to active levels","{""fraction"": 0.01, ""kind"": ""relative"", ""units"": ""of the 69-level reference profile""}",ppmv_moist_reference,66,0.0003011784,0.09784090000000001,66,14,ir112,-1.5611603833234403e-06,1.0,-1.5611603833234403e-06,dimensionless,channels_10_to_15
reference_o3_plus_1pct,reference_gas,"+1% of the 69-level reference O3 profile, projected to active levels","{""fraction"": 0.01, ""kind"": ""relative"", ""units"": ""of the 69-level reference profile""}",ppmv_moist_reference,66,0.0003011784,0.09784090000000001,66,15,ir123,-0.0012337634197644338,1.0,-0.0012337634197644338,dimensionless,channels_10_to_15
reference_o3_plus_1pct,reference_gas,"+1% of the 69-level reference O3 profile, projected to active levels","{""fraction"": 0.01, ""kind"": ""relative"", ""units"": ""of the 69-level reference profile""}",ppmv_moist_reference,66,0.0003011784,0.09784090000000001,66,16,ir133,-0.007901747910841365,1.0,-0.007901747910841365,dimensionless,channel_16_ir133
reference_co2_plus_1pct,reference_gas,"+1% of the 69-level reference CO2 profile, projected to active levels","{""fraction"": 0.01, ""kind"": ""relative"", ""units"": ""of the 69-level reference profile""}",ppmv_moist_reference,66,3.8646409999999998,3.9999900000000004,66,10,wv073,-0.0009081592741065372,-1.0,0.0009081592741065372,dimensionless,channels_10_to_15
reference_co2_plus_1pct,reference_gas,"+1% of the 69-level reference CO2 profile, projected to active levels","{""fraction"": 0.01, ""kind"": ""relative"", ""units"": ""of the 69-level reference profile""}",ppmv_moist_reference,66,3.8646409999999998,3.9999900000000004,66,11,ir087,-1.99005752228257e-06,1.0,-1.99005752228257e-06,dimensionless,channels_10_to_15
reference_co2_plus_1pct,reference_gas,"+1% of the 69-level reference CO2 profile, projected to active levels","{""fraction"": 0.01, ""kind"": ""relative"", ""units"": ""of the 69-level reference profile""}",ppmv_moist_reference,66,3.8646409999999998,3.9999900000000004,66,12,ir096,-0.0019038729853497849,1.0,-0.0019038729853497849,dimensionless,channels_10_to_15
reference_co2_plus_1pct,reference_gas,"+1% of the 69-level reference CO2 profile, projected to active levels","{""fraction"": 0.01, ""kind"": ""relative"", ""units"": ""of the 69-level reference profile""}",ppmv_moist_reference,66,3.8646409999999998,3.9999900000000004,66,13,ir105,-0.00172256808294507,1.0,-0.00172256808294507,dimensionless,channels_10_to_15
reference_co2_plus_1pct,reference_gas,"+1% of the 69-level reference CO2 profile, projected to active levels","{""fraction"": 0.01, ""kind"": ""relative"", ""units"": ""of the 69-level reference profile""}",ppmv_moist_reference,66,3.8646409999999998,3.9999900000000004,66,14,ir112,-0.00021614938029923859,1.0,-0.00021614938029923859,dimensionless,channels_10_to_15
reference_co2_plus_1pct,reference_gas,"+1% of the 69-level reference CO2 profile, projected to active levels","{""fraction"": 0.01, ""kind"": ""relative"", ""units"": ""of the 69-level reference profile""}",ppmv_moist_reference,66,3.8646409999999998,3.9999900000000004,66,15,ir123,-0.0009995990400657614,1.0,-0.0009995990400657614,dimensionless,channels_10_to_15
reference_co2_plus_1pct,reference_gas,"+1% of the 69-level reference CO2 profile, projected to active levels","{""fraction"": 0.01, ""kind"": ""relative"", ""units"": ""of the 69-level reference profile""}",ppmv_moist_reference,66,3.8646409999999998,3.9999900000000004,66,16,ir133,-0.04056360135252868,1.0,-0.04056360135252868,dimensionless,channel_16_ir133
near_surface_Q2_plus_1pct,near_surface,+1% of the actual saved RTTOV near-surface Q2 value,"{""actual_delta_ppmv_moist"": 298.76367, ""fraction"": 0.01, ""kind"": ""relative"", ""reference_value_ppmv_moist"": 29876.367}",ppmv_moist,1,298.76367,298.76367,1,10,wv073,-5.686130535897633e-08,-1.0,5.686130535897633e-08,dimensionless,channels_10_to_15
near_surface_Q2_plus_1pct,near_surface,+1% of the actual saved RTTOV near-surface Q2 value,"{""actual_delta_ppmv_moist"": 298.76367, ""fraction"": 0.01, ""kind"": ""relative"", ""reference_value_ppmv_moist"": 29876.367}",ppmv_moist,1,298.76367,298.76367,1,11,ir087,-0.00034028581828404107,1.0,-0.00034028581828404107,dimensionless,channels_10_to_15
near_surface_Q2_plus_1pct,near_surface,+1% of the actual saved RTTOV near-surface Q2 value,"{""actual_delta_ppmv_moist"": 298.76367, ""fraction"": 0.01, ""kind"": ""relative"", ""reference_value_ppmv_moist"": 29876.367}",ppmv_moist,1,298.76367,298.76367,1,12,ir096,-0.00029805385681755663,1.0,-0.00029805385681755663,dimensionless,channels_10_to_15
near_surface_Q2_plus_1pct,near_surface,+1% of the actual saved RTTOV near-surface Q2 value,"{""actual_delta_ppmv_moist"": 298.76367, ""fraction"": 0.01, ""kind"": ""relative"", ""reference_value_ppmv_moist"": 29876.367}",ppmv_moist,1,298.76367,298.76367,1,13,ir105,-0.0006168936807319064,1.0,-0.0006168936807319064,dimensionless,channels_10_to_15
near_surface_Q2_plus_1pct,near_surface,+1% of the actual saved RTTOV near-surface Q2 value,"{""actual_delta_ppmv_moist"": 298.76367, ""fraction"": 0.01, ""kind"": ""relative"", ""reference_value_ppmv_moist"": 29876.367}",ppmv_moist,1,298.76367,298.76367,1,14,ir112,-0.0008368164604279398,1.0,-0.0008368164604279398,dimensionless,channels_10_to_15
near_surface_Q2_plus_1pct,near_surface,+1% of the actual saved RTTOV near-surface Q2 value,"{""actual_delta_ppmv_moist"": 298.76367, ""fraction"": 0.01, ""kind"": ""relative"", ""reference_value_ppmv_moist"": 29876.367}",ppmv_moist,1,298.76367,298.76367,1,15,ir123,-0.0005862640049892104,1.0,-0.0005862640049892104,dimensionless,channels_10_to_15
near_surface_Q2_plus_1pct,near_surface,+1% of the actual saved RTTOV near-surface Q2 value,"{""actual_delta_ppmv_moist"": 298.76367, ""fraction"": 0.01, ""kind"": ""relative"", ""reference_value_ppmv_moist"": 29876.367}",ppmv_moist,1,298.76367,298.76367,1,16,ir133,-0.0003213855522057819,1.0,-0.0003213855522057819,dimensionless,channel_16_ir133
upper_reference_T_plus_1K,upper_reference,+1 K on 27 upper fixture-reference T levels; all 39 native levels held fixed,"{""kind"": ""absolute"", ""units"": ""K on upper 27 active levels"", ""value"": 1.0}",K,27,0.0,1.0,27,10,wv073,0.007226634757469915,-1.0,-0.007226634757469915,dimensionless,channels_10_to_15
upper_reference_T_plus_1K,upper_reference,+1 K on 27 upper fixture-reference T levels; all 39 native levels held fixed,"{""kind"": ""absolute"", ""units"": ""K on upper 27 active levels"", ""value"": 1.0}",K,27,0.0,1.0,27,11,ir087,0.0019782931076956327,1.0,0.0019782931076956327,dimensionless,channels_10_to_15
upper_reference_T_plus_1K,upper_reference,+1 K on 27 upper fixture-reference T levels; all 39 native levels held fixed,"{""kind"": ""absolute"", ""units"": ""K on upper 27 active levels"", ""value"": 1.0}",K,27,0.0,1.0,27,12,ir096,0.22315921164384928,1.0,0.22315921164384928,dimensionless,channels_10_to_15
upper_reference_T_plus_1K,upper_reference,+1 K on 27 upper fixture-reference T levels; all 39 native levels held fixed,"{""kind"": ""absolute"", ""units"": ""K on upper 27 active levels"", ""value"": 1.0}",K,27,0.0,1.0,27,13,ir105,-0.004975037909310964,1.0,-0.004975037909310964,dimensionless,channels_10_to_15
upper_reference_T_plus_1K,upper_reference,+1 K on 27 upper fixture-reference T levels; all 39 native levels held fixed,"{""kind"": ""absolute"", ""units"": ""K on upper 27 active levels"", ""value"": 1.0}",K,27,0.0,1.0,27,14,ir112,0.0011271400755003282,1.0,0.0011271400755003282,dimensionless,channels_10_to_15
upper_reference_T_plus_1K,upper_reference,+1 K on 27 upper fixture-reference T levels; all 39 native levels held fixed,"{""kind"": ""absolute"", ""units"": ""K on upper 27 active levels"", ""value"": 1.0}",K,27,0.0,1.0,27,15,ir123,-0.00041376757424088336,1.0,-0.00041376757424088336,dimensionless,channels_10_to_15
upper_reference_T_plus_1K,upper_reference,+1 K on 27 upper fixture-reference T levels; all 39 native levels held fixed,"{""kind"": ""absolute"", ""units"": ""K on upper 27 active levels"", ""value"": 1.0}",K,27,0.0,1.0,27,16,ir133,0.021043710113328847,1.0,0.021043710113328847,dimensionless,channel_16_ir133
upper_reference_Q_plus_1pct,upper_reference,+1% on 27 upper fixture-reference Q levels; all 39 native levels held fixed,"{""active_Q_max_ppmv_moist"": 5.999964, ""active_Q_min_ppmv_moist"": 0.4341651, ""fraction"": 0.01, ""kind"": ""relative"", ""units"": ""of upper 27 active Q values in ppmv moist""}",ppmv_moist_gas_units_2,27,0.0,0.05999964000000001,27,10,wv073,6.257043567193029e-05,-1.0,-6.257043567193029e-05,dimensionless,channels_10_to_15
upper_reference_Q_plus_1pct,upper_reference,+1% on 27 upper fixture-reference Q levels; all 39 native levels held fixed,"{""active_Q_max_ppmv_moist"": 5.999964, ""active_Q_min_ppmv_moist"": 0.4341651, ""fraction"": 0.01, ""kind"": ""relative"", ""units"": ""of upper 27 active Q values in ppmv moist""}",ppmv_moist_gas_units_2,27,0.0,0.05999964000000001,27,11,ir087,-7.820613439636195e-06,1.0,-7.820613439636195e-06,dimensionless,channels_10_to_15
upper_reference_Q_plus_1pct,upper_reference,+1% on 27 upper fixture-reference Q levels; all 39 native levels held fixed,"{""active_Q_max_ppmv_moist"": 5.999964, ""active_Q_min_ppmv_moist"": 0.4341651, ""fraction"": 0.01, ""kind"": ""relative"", ""units"": ""of upper 27 active Q values in ppmv moist""}",ppmv_moist_gas_units_2,27,0.0,0.05999964000000001,27,12,ir096,-3.898631748235421e-07,1.0,-3.898631748235421e-07,dimensionless,channels_10_to_15
upper_reference_Q_plus_1pct,upper_reference,+1% on 27 upper fixture-reference Q levels; all 39 native levels held fixed,"{""active_Q_max_ppmv_moist"": 5.999964, ""active_Q_min_ppmv_moist"": 0.4341651, ""fraction"": 0.01, ""kind"": ""relative"", ""units"": ""of upper 27 active Q values in ppmv moist""}",ppmv_moist_gas_units_2,27,0.0,0.05999964000000001,27,13,ir105,-2.6829690786008863e-07,1.0,-2.6829690786008863e-07,dimensionless,channels_10_to_15
upper_reference_Q_plus_1pct,upper_reference,+1% on 27 upper fixture-reference Q levels; all 39 native levels held fixed,"{""active_Q_max_ppmv_moist"": 5.999964, ""active_Q_min_ppmv_moist"": 0.4341651, ""fraction"": 0.01, ""kind"": ""relative"", ""units"": ""of upper 27 active Q values in ppmv moist""}",ppmv_moist_gas_units_2,27,0.0,0.05999964000000001,27,14,ir112,-8.249008621101197e-07,1.0,-8.249008621101197e-07,dimensionless,channels_10_to_15
upper_reference_Q_plus_1pct,upper_reference,+1% on 27 upper fixture-reference Q levels; all 39 native levels held fixed,"{""active_Q_max_ppmv_moist"": 5.999964, ""active_Q_min_ppmv_moist"": 0.4341651, ""fraction"": 0.01, ""kind"": ""relative"", ""units"": ""of upper 27 active Q values in ppmv moist""}",ppmv_moist_gas_units_2,27,0.0,0.05999964000000001,27,15,ir123,-5.309139046900158e-06,1.0,-5.309139046900158e-06,dimensionless,channels_10_to_15
upper_reference_Q_plus_1pct,upper_reference,+1% on 27 upper fixture-reference Q levels; all 39 native levels held fixed,"{""active_Q_max_ppmv_moist"": 5.999964, ""active_Q_min_ppmv_moist"": 0.4341651, ""fraction"": 0.01, ""kind"": ""relative"", ""units"": ""of upper 27 active Q values in ppmv moist""}",ppmv_moist_gas_units_2,27,0.0,0.05999964000000001,27,16,ir133,-4.176968976555101e-06,1.0,-4.176968976555101e-06,dimensionless,channel_16_ir133
