j,i,latitude_deg,longitude_deg,all_seven_rad_quality_zero,Jo_huber_K_units,BT_K_channels_10_16,delta_BT_from_center_K_channels_10_16,case_role
85,47,35.36763381958008,122.08984375,True,26.801101203080805,"[262.1594149745223, 293.71020485347873, 270.6582855582452, 296.2709385596359, 295.99427995052247, 292.8953932747244, 276.59169006397354]","[-0.10242568428179766, 0.023555891037972287, 0.026839165339595183, 0.036649531120019674, 0.02630087722661756, 0.0013451359964733456, -0.013699864043530852]",one_new_direct_H
85,48,35.369850158691406,122.14602661132812,True,26.531416521350764,"[262.2671739152173, 293.6975721168712, 270.65052262316055, 296.2519020058975, 295.95909947394574, 292.8457400788651, 276.5540302208052]","[0.005333256413223353, 0.01092315443042935, 0.019076230254938764, 0.017612977381588735, -0.008879599350109402, -0.048308059862847585, -0.051359707211872774]",one_new_direct_H
85,49,35.372039794921875,122.20220947265625,True,26.140741655222705,"[262.37886129777087, 293.6615565643348, 270.6256632895954, 296.2060926376979, 295.89870797148336, 292.7766008259413, 276.5074274179473]","[0.11702063896677828, -0.02509239810598274, -0.005783103310193383, -0.028196390817981865, -0.06927110181248963, -0.11744731278668041, -0.09796251006974899]",one_new_direct_H
86,47,35.4134407043457,122.08709716796875,True,26.703693793808498,"[262.15479469392255, 293.6724098760531, 270.6206643832654, 296.2222480337221, 295.9690199456879, 292.9106040591683, 276.62381827281143]","[-0.10704596488153584, -0.014239086387647149, -0.010782009640195156, -0.012040994793778736, 0.001040872392024994, 0.016555920440339378, 0.01842834479435851]",one_new_direct_H
86,48,35.4156608581543,122.143310546875,True,26.59768478212186,"[262.2618406588041, 293.68664896244076, 270.6314463929056, 296.2342890285159, 295.96797907329585, 292.89404813872795, 276.6053899280171]","[0.0, 0.0, 0.0, 0.0, 0.0, 0.0, 0.0]",reused_existing_center_H
86,49,35.4178581237793,122.19952392578125,True,26.35827511993014,"[262.3719547454222, 293.6749201790743, 270.6235042783625, 296.216989261001, 295.9392102412941, 292.85571064979484, 276.57692165686876]","[0.11011408661812538, -0.011728783366436346, -0.007942114543141088, -0.017299767514884934, -0.02876883200173097, -0.0383374889331094, -0.02846827114831285]",one_new_direct_H
87,47,35.45924758911133,122.0843505859375,True,26.183333478469592,"[262.1463166820028, 293.5537950339173, 270.52559928681836, 296.0824240597826, 295.854841457597, 292.8530658702461, 276.6202005350882]","[-0.11552397680128479, -0.13285392852344557, -0.10584710608725345, -0.15186496873326405, -0.11313761569886083, -0.040982268481855044, 0.01481060707112647]",one_new_direct_H
87,48,35.46147918701172,122.14059448242188,True,26.254993622950224,"[262.247970050248, 293.59827469932543, 270.5575801473527, 296.12906268805534, 295.8898740279551, 292.86900893482084, 276.619439258666]","[-0.013870608556089792, -0.08837426311532681, -0.07386624555289245, -0.10522634046054691, -0.0781050453407488, -0.025039203907113006, 0.014049330648902014]",one_new_direct_H
87,49,35.46367645263672,122.19686889648438,True,26.175999722608722,"[262.353833590649, 293.6135555615789, 270.5685005603369, 296.1428213739265, 295.8940309319668, 292.86122674259894, 276.60802125848056]","[0.09199293184491353, -0.07309340086186467, -0.06294583256874375, -0.09146765458939399, -0.07394814132902638, -0.03282139612900892, 0.0026313304634868473]",one_new_direct_H
