frame_index,time,j,i,latitude_deg,longitude_deg,HGT_m,maxsat_layer_bottom_up_zero_based,maxsat_phase_aware_percent,liquid_S_percent_at_maxsat_layer,layer_context_note,below_layer,below_z_mid_AGL_m,below_p_center_hPa,below_p8w_bottom_hPa,below_p8w_top_hPa,below_T_K,below_qv_kgkg,below_qs_water_kgkg,below_theta_v_K,below_phase_sat_percent,maxsat_layer,maxsat_z_mid_AGL_m,maxsat_p_center_hPa,maxsat_p8w_bottom_hPa,maxsat_p8w_top_hPa,maxsat_T_K,maxsat_qv_kgkg,maxsat_qs_water_kgkg,maxsat_theta_v_K,maxsat_phase_sat_percent,above_layer,above_z_mid_AGL_m,above_p_center_hPa,above_p8w_bottom_hPa,above_p8w_top_hPa,above_T_K,above_qv_kgkg,above_qs_water_kgkg,above_theta_v_K,above_phase_sat_percent
1,2025-07-19_05:56:00,85,47,35.36763381958008,122.08984375,0.0,3,95.90776623927337,95.90776623927337,native maxsat layer and immediate bottom/above native layers; no remap,2,163.5685227575895,987.9892468261719,992.824375,983.170703125,297.71219894379976,0.01844891719520092,0.019983682273648214,302.03403086391205,92.31990852621223,3,260.8695486148441,977.1301147460938,983.170703125,971.086875,296.75505268156166,0.018272189423441887,0.01905183504937016,301.9841933294889,95.90776623927337,4,383.26445024433974,963.5845422363282,971.086875,956.110625,296.8997379169941,0.015149408020079136,0.019502096264560998,302.7874008054527,77.68092114081335
1,2025-07-19_05:56:00,85,48,35.369850158691406,122.14602661132812,0.0,3,95.9425963525739,95.9425963525739,native maxsat layer and immediate bottom/above native layers; no remap,2,163.58261730571283,987.9549145507813,992.79765625,983.1384375,297.73309071409886,0.01846819743514061,0.02001014017266672,302.06160338977253,92.29419322293224,3,260.89293803643744,977.1002532958985,983.1384375,971.06421875,296.7751953778361,0.01830223575234413,0.019076235632696767,302.0125943948644,95.9425963525739,4,383.29622850019507,963.5707141113281,971.06421875,956.097734375,296.84768935080376,0.015305712819099426,0.019439585505408037,302.76324010916227,78.73476939537328
1,2025-07-19_05:56:00,85,49,35.372039794921875,122.20220947265625,0.0,3,95.8600289792808,95.8600289792808,native maxsat layer and immediate bottom/above native layers; no remap,2,163.59158437186423,987.9680871582032,992.798125,983.1465625,297.7583800317779,0.018476272001862526,0.02004106398660014,302.08752455797566,92.19207131026643,3,260.9076613679938,977.1022198486328,983.1465625,971.05859375,296.80073651398516,0.01831541396677494,0.01910641396815521,302.0407225208782,95.8600289792808,4,383.3172501652491,963.5557531738282,971.05859375,956.0821875,296.79288633903093,0.015470555052161217,0.019373970982953417,302.7378639284709,79.85226707407222
1,2025-07-19_05:56:00,86,47,35.4134407043457,122.08709716796875,0.0,3,95.43300439401222,95.43300439401223,native maxsat layer and immediate bottom/above native layers; no remap,2,163.53081363907404,987.9926440429688,992.81640625,983.17484375,297.6827784179472,0.018350332975387573,0.01994741416147315,301.98661282515826,91.99354275618234,3,260.80943660755526,977.1351220703125,983.17484375,971.08890625,296.73257336644264,0.018156325444579124,0.01902520575546117,301.9405677614122,95.43300439401222,4,383.17031082635503,963.5825750732422,971.08890625,956.113671875,296.902290932077,0.014925213530659676,0.019505222362118775,302.7504582504353,76.51906373364928
1,2025-07-19_05:56:00,86,48,35.4156608581543,122.143310546875,0.0,3,95.54302932179498,95.54302932179498,native maxsat layer and immediate bottom/above native layers; no remap,2,163.5473661587994,987.9583715820313,992.79609375,983.14546875,297.7048984987397,0.018374234437942505,0.019975338971690702,302.0162346581392,91.9845939234508,3,260.83684176601525,977.1116973876954,983.14546875,971.07703125,296.7508405083949,0.018198302015662193,0.01904723154042893,301.96858224612185,95.54302932179498,4,383.2069490298583,963.5851385498047,971.07703125,956.10921875,296.87414541853383,0.015032223425805569,0.019471182638170274,302.74048865289154,77.20241602755652
1,2025-07-19_05:56:00,86,49,35.4178581237793,122.19952392578125,0.0,3,95.5771288272255,95.5771288272255,native maxsat layer and immediate bottom/above native layers; no remap,2,163.55922360668123,987.9845977783203,992.8078125,983.153125,297.731917056393,0.018388446420431137,0.020008072800697843,302.0438443768368,91.90513551005164,3,260.85664708315414,977.096259765625,983.153125,971.05921875,296.77124709876506,0.018228134140372276,0.019071648587941182,301.9959404274929,95.5771288272255,4,383.2354982086399,963.5645153808593,971.05921875,956.08921875,296.8282332722745,0.015175968408584595,0.019416286592107222,302.7209794557266,78.16102392490266
1,2025-07-19_05:56:00,87,47,35.45924758911133,122.0843505859375,0.0,3,95.14604233659942,95.14604233659942,native maxsat layer and immediate bottom/above native layers; no remap,2,163.4847110200001,987.990140991211,992.81859375,983.17609375,297.6376243915587,0.018267251551151276,0.019892027056402806,301.9264667775185,91.83202646646033,3,260.737246281024,977.1410229492187,983.17609375,971.101484375,296.6952328537194,0.018059760332107544,0.01898109462947212,301.8851241774947,95.14604233659942,4,383.06465732212826,963.6035559082031,971.101484375,956.1278125,296.8505099385563,0.014861122705042362,0.019442300612684413,302.68441743664783,76.43705856161266
1,2025-07-19_05:56:00,87,48,35.46147918701172,122.14059448242188,0.0,3,95.18073605626347,95.18073605626347,native maxsat layer and immediate bottom/above native layers; no remap,2,163.50287768940433,987.9865051269531,992.80765625,983.1634375,297.66662873201705,0.018281714990735054,0.019927697656947196,301.95874129410635,91.7402266205182,3,260.7662150376191,977.117001953125,983.1634375,971.08078125,296.71687332292083,0.01809106022119522,0.019007060641452897,301.914751041614,95.18073605626347,4,383.1032662581231,963.5871051025391,971.08078125,956.11890625,296.84781461678904,0.014904464595019817,0.019439395409059687,302.69082581127117,76.67144106793376
1,2025-07-19_05:56:00,87,49,35.46367645263672,122.19686889648438,0.0,3,95.28414908872674,95.28414908872674,native maxsat layer and immediate bottom/above native layers; no remap,2,163.51924589042392,987.9829284667969,992.799453125,983.15421875,297.6929656533227,0.018299253657460213,0.01996014375337629,301.9888441869375,91.67896726377465,3,260.7930380756094,977.1009686279297,983.15421875,971.068125,296.73538017494764,0.018131813034415245,0.01902920182194339,301.94214216580446,95.28414908872674,4,383.139886574157,963.5785223388672,971.068125,956.1015625,296.8234606711877,0.01499872375279665,0.019410252643832802,302.68346200555726,77.27217171262414
4,2025-07-19_05:57:00,85,47,35.36763381958008,122.08984375,0.0,3,95.93938922237525,95.93938922237527,native maxsat layer and immediate bottom/above native layers; no remap,2,163.57544559708185,988.0122540283203,992.832265625,983.19203125,297.71804728553434,0.018458638340234756,0.019990404345670735,302.03965787256277,92.33749363470125,3,260.8805144112652,977.149248046875,983.19203125,971.1021875,296.7602333991583,0.018283715471625328,0.019057569179689073,301.9897959985349,95.93938922237525,4,383.2804159772991,963.5949133300782,971.1021875,956.1259375,296.8963818410097,0.015171845443546772,0.019497825064341726,302.7870214827518,77.81301449510669
4,2025-07-19_05:57:00,85,48,35.369850158691406,122.14602661132812,0.0,3,95.95953286982053,95.95953286982052,native maxsat layer and immediate bottom/above native layers; no remap,2,163.58832224185798,987.9779815673828,992.81765625,983.16734375,297.73892182679975,0.018477648496627808,0.020016847750672702,302.06716031241945,92.31048128448114,3,260.9019016028666,977.1364929199219,983.16734375,971.089609375,296.78221821235076,0.018312735483050346,0.019083810576582892,302.01838109435926,95.95953286982053,4,383.3093470146654,963.5825750732422,971.089609375,956.114765625,296.8436040015757,0.015330002643167973,0.01943441737168774,302.7623090085073,78.88069063238746
4,2025-07-19_05:57:00,85,49,35.372039794921875,122.20220947265625,0.0,3,95.87863623691607,95.87863623691607,native maxsat layer and immediate bottom/above native layers; no remap,2,163.59883113009482,987.9671929931641,992.804609375,983.154375,297.76215798685587,0.018485700711607933,0.02004574732646894,302.0930878257821,92.21756819811311,3,260.9188383143247,977.1208764648437,983.154375,971.07703125,296.8064408088279,0.018325084820389748,0.01911279252565553,302.04657489917076,95.87863623691607,4,383.33263961060936,963.5738134765625,971.07703125,956.096484375,296.78959096083616,0.015494263730943203,0.019369638878159512,302.7370767837558,79.99252762741985
4,2025-07-19_05:57:00,86,47,35.4134407043457,122.08709716796875,0.0,3,95.46952783886121,95.46952783886121,native maxsat layer and immediate bottom/above native layers; no remap,2,163.53714035920774,988.0004522705078,992.82796875,983.182421875,297.6875323545626,0.018359024077653885,0.019953096328638818,301.99227658156724,92.01090284570546,3,260.82017997718367,977.1424530029296,983.182421875,971.1046875,296.73656779172785,0.018167631700634956,0.019029770139116324,301.945966985733,95.46952783886121,4,383.1854498471446,963.6090991210938,971.1046875,956.138203125,296.9034659195299,0.014938767068088055,0.019506088572661735,302.75167727619794,76.58514936215919
4,2025-07-19_05:57:00,86,48,35.4156608581543,122.143310546875,0.0,3,95.57391050968127,95.57391050968127,native maxsat layer and immediate bottom/above native layers; no remap,2,163.5526565722855,987.9993798828125,992.83515625,983.17625,297.71235189051214,0.0183833297342062,0.019983659061128225,302.0218081237156,91.99181029847055,3,260.84547752512583,977.1297576904296,983.17625,971.08859375,296.7558883078932,0.018209533765912056,0.019052829029181033,301.974092948646,95.57391050968127,4,383.2200232145132,963.588833618164,971.08859375,956.122890625,296.871485602837,0.015049883164465427,0.019467896649344455,302.7405731915889,77.30615913749574
4,2025-07-19_05:57:00,86,49,35.4178581237793,122.19952392578125,0.0,3,95.60059301045833,95.60059301045833,native maxsat layer and immediate bottom/above native layers; no remap,2,163.56601890074,987.9852532958985,992.80234375,983.16109375,297.73585576466246,0.018397437408566475,0.02001291494123112,302.0493585562727,91.92782492001503,3,260.8672104115151,977.1134259033203,983.16109375,971.08,296.77652895790766,0.0182382483035326,0.01907754725071361,302.0015723376027,95.60059301045833,4,383.2495826464545,963.5897875976563,971.08,956.111875,296.8265416337396,0.01519575621932745,0.019413725749223436,302.72048987390576,78.27326096813381
4,2025-07-19_05:57:00,87,47,35.45924758911133,122.0843505859375,0.0,3,95.16796964594948,95.16796964594948,native maxsat layer and immediate bottom/above native layers; no remap,2,163.4895188606721,988.021552734375,992.844921875,983.199609375,297.64486637985794,0.018274201080203056,0.019900256266847865,301.93228827067645,91.82897363309999,3,260.7452758104672,977.1546124267578,983.199609375,971.1190625,296.70016889419196,0.01806919276714325,0.018986632618480274,301.8906005633632,95.16796964594948,4,383.0766349271411,963.6262652587891,971.1190625,956.15515625,296.8539232558272,0.014867006801068783,0.01944594122740844,302.6869024463297,76.45300696535176
4,2025-07-19_05:57:00,87,48,35.46147918701172,122.14059448242188,0.0,3,95.2118910727795,95.2118910727795,native maxsat layer and immediate bottom/above native layers; no remap,2,163.508388974251,988.0018829345703,992.825078125,983.17953125,297.6722809996833,0.018289940431714058,0.01993432079726876,301.9645737270137,91.75100881400483,3,260.77573389331377,977.1340490722656,983.17953125,971.098046875,296.7218358592616,0.01810222491621971,0.019012567350839046,301.9202528288736,95.2118910727795,4,383.11720059673837,963.60462890625,971.098046875,956.1328125,296.84843421758364,0.014915614388883114,0.01943977731793301,302.6918604869635,76.72729036419362
4,2025-07-19_05:57:00,87,49,35.46367645263672,122.19686889648438,0.0,3,95.31644926389387,95.31644926389387,native maxsat layer and immediate bottom/above native layers; no remap,2,163.52498387950152,987.9863861083984,992.81,983.16359375,297.69734281519413,0.01830807700753212,0.019965456378503665,301.9945289261449,91.69876540986057,3,260.8025122126308,977.1175982666016,983.16359375,971.0859375,296.7403410121993,0.018143219873309135,0.019034720673529994,301.94772148939813,95.31644926389387,4,383.15306963906005,963.59771484375,971.0859375,956.1209375,296.82222029478453,0.015014685690402985,0.01940836170339828,302.6833021802029,77.36194285669156
6,2025-07-19_05:57:40,85,47,35.36763381958008,122.08984375,0.0,3,95.9702928122782,95.9702928122782,native maxsat layer and immediate bottom/above native layers; no remap,2,163.57902620181395,988.018095703125,992.84140625,983.190625,297.7211372510146,0.01846514269709587,0.019994088645890223,302.0434221311142,92.35301005275564,3,260.886695698496,977.1388171386719,983.190625,971.104375,296.7616498234616,0.01829141192138195,0.019059452029765812,301.9935073784884,95.9702928122782,4,383.28937993258626,963.6129138183594,971.104375,956.138671875,296.8949851642489,0.015187220647931099,0.019495762252154637,302.7867043823787,77.9001120936045
6,2025-07-19_05:57:40,85,48,35.369850158691406,122.14602661132812,0.0,3,95.98792293093744,95.98792293093744,native maxsat layer and immediate bottom/above native layers; no remap,2,163.59148287991866,988.0027172851562,992.8228125,983.17375,297.7436372238166,0.01848396472632885,0.020022146150109516,302.07089023028885,92.31759966065249,3,260.90762520419713,977.1199822998046,983.17375,971.0909375,296.7833568576556,0.018319765105843544,0.019085489660011157,302.02222998869223,95.98792293093744,4,383.3175526967957,963.6061785888672,971.0909375,956.12453125,296.8421047310577,0.015346596948802471,0.01943212069865276,302.76159875668117,78.97540977020824
6,2025-07-19_05:57:40,85,49,35.372039794921875,122.20220947265625,0.0,3,95.89747177765285,95.89747177765285,native maxsat layer and immediate bottom/above native layers; no remap,2,163.6015204722242,987.9867431640625,992.80125,983.164453125,297.76639896328487,0.018492013216018677,0.020050575243749796,302.0967886948444,92.22684631845185,3,260.9237091499974,977.1190881347657,983.164453125,971.07671875,296.80897729495166,0.018331600353121758,0.01911583278819411,302.0504561651646,95.89747177765285,4,383.34060575619384,963.5754229736328,971.07671875,956.106953125,296.7863433978978,0.015510397031903267,0.019365706002113535,302.7364744389292,80.09208148781404
6,2025-07-19_05:57:40,86,47,35.4134407043457,122.08709716796875,0.0,3,95.49363980518892,95.49363980518892,native maxsat layer and immediate bottom/above native layers; no remap,2,163.5405747533209,988.024175415039,992.84453125,983.19859375,297.69225612436975,0.018364882096648216,0.019958411036815265,301.9960234117767,92.01575247033631,3,260.8258106414453,977.1493078613281,983.19859375,971.11546875,296.7393737895173,0.01817524991929531,0.019032942881194594,301.94955245624465,95.49363980518892,4,383.1934572116801,963.6247155761719,971.11546875,956.150078125,296.9038773509801,0.014948294498026371,0.019506259760942828,302.75238335041735,76.63332018143826
6,2025-07-19_05:57:40,86,48,35.4156608581543,122.143310546875,0.0,3,95.60048639657744,95.60048639657744,native maxsat layer and immediate bottom/above native layers; no remap,2,163.5569472317788,988.0044458007812,992.827421875,983.1778125,297.71538961993576,0.018389422446489334,0.019987294110753877,302.02551505773476,92.0055628570311,3,260.85226893060434,977.1271350097657,983.1778125,971.09765625,296.7579909348438,0.018217021599411964,0.01905536497360765,301.9777766733154,95.60048639657744,4,383.2290361659121,963.6123779296875,971.09765625,956.1390625,296.8714425806097,0.015062009915709496,0.019467354189630866,302.7405641771174,77.37060603608967
6,2025-07-19_05:57:40,86,49,35.4178581237793,122.19952392578125,0.0,3,95.61901396931425,95.61901396931425,native maxsat layer and immediate bottom/above native layers; no remap,2,163.56888284012445,988.0027172851562,992.8196875,983.173125,297.7398815613782,0.018403446301817894,0.020017514026250984,302.0529702700033,91.93672240061179,3,260.87235228123404,977.1185516357422,983.173125,971.076875,296.77949147189577,0.018245013430714607,0.019080947055749538,302.00532025279364,95.61901396931425,4,383.2579314283396,963.5764953613282,971.076875,956.106875,296.8226556194808,0.015209238044917583,0.019409326177253945,302.72010709774554,78.36046396469702
6,2025-07-19_05:57:40,87,47,35.45924758911133,122.0843505859375,0.0,3,95.1842320447071,95.1842320447071,native maxsat layer and immediate bottom/above native layers; no remap,2,163.49298630771773,988.0364538574219,992.855625,983.210703125,297.6491050280197,0.018278898671269417,0.019905146564557483,301.93611011573165,91.8300129666781,3,260.7509846351927,977.1609307861328,983.210703125,971.124375,296.7032105831428,0.018075568601489067,0.018990087132287992,301.894255446761,95.1842320447071,4,383.08440353284675,963.6301995849609,971.124375,956.161484375,296.8550648781849,0.014871246181428432,0.019447235202653762,302.68846466167514,76.46971935321226
6,2025-07-19_05:57:40,87,48,35.46147918701172,122.14059448242188,0.0,3,95.22733515578642,95.22733515578642,native maxsat layer and immediate bottom/above native layers; no remap,2,163.5103709836254,988.012671508789,992.838359375,983.196875,297.676011987427,0.018295476213097572,0.019938680440657216,301.9683865587936,91.75871125248106,3,260.7788412578244,977.1597979736329,983.196875,971.116875,296.726356728002,0.018109744414687157,0.01901738023547615,301.92389797268487,95.22733515578642,4,383.12130538209374,963.6147619628906,971.116875,956.1409375,296.84855062418933,0.014923475682735443,0.01943970674939936,302.6924626732454,76.76800825813149
6,2025-07-19_05:57:40,87,49,35.46367645263672,122.19686889648438,0.0,3,95.33978515220181,95.33978515220181,native maxsat layer and immediate bottom/above native layers; no remap,2,163.5282300663286,987.9930615234375,992.81578125,983.17015625,297.70061135148956,0.018313972279429436,0.019969338885760274,301.99829485160586,91.71045863961352,3,260.80761830741113,977.1240948486328,983.17015625,971.0865625,296.74322849837677,0.01815078593790531,0.01903799752530293,301.9514124205993,95.33978515220181,4,383.160053529263,963.5910986328125,971.0865625,956.118984375,296.8195964990591,0.015025516971945763,0.019405342819612155,302.68313897731514,77.4297940088959
