from_frame,from_time,to_frame,to_time,elapsed_seconds_context_not_used_as_rate_denominator,j,i,k_bottom_up,z_from_AGL_m,z_to_AGL_m,p_from_center_hPa,p_to_center_hPa,T_from_K,T_to_K,qv_from_kgkg,qv_to_kgkg,S_liquid_from_percent,S_liquid_to_percent,delta_S_liquid_percentage_points,partial_q_contribution_percentage_points,partial_T_contribution_percentage_points,partial_p_contribution_percentage_points,local_linear_sum_percentage_points,nonlinear_remainder_percentage_points,local_partials_evaluated_at_from_endpoint,warm_unclipped_endpoint_scope,clip_any_at_from_endpoint,clip_any_at_to_endpoint,interpretation
1,2025-07-19_05:56:00,4,2025-07-19_05:57:00,60,85,47,3,260.8695486148441,260.8805144112652,977.1301147460938,977.149248046875,296.75505268156166,296.7602333991583,0.018272189423441887,0.018283715471625328,95.90776623927337,95.93938922237527,0.03162298310189726,0.060498362250003865,-0.030797511322267223,0.0019355269396501688,0.03163637786738681,-1.3394765489546656e-05,True,True,False,False,"finite endpoint change decomposition only; remainder is nonlinear/finite-step closure, not a process rate or tendency attribution"
1,2025-07-19_05:56:00,4,2025-07-19_05:57:00,60,85,48,3,260.89293803643744,260.9019016028666,977.1002532958985,977.1364929199219,296.7751953778361,296.78221821235076,0.01830223575234413,0.018312735483050346,95.9425963525739,95.95953286982052,0.016936517246620042,0.05504089437969781,-0.04175851305614086,0.003667587678950535,0.016949969002507483,-1.3451755887440575e-05,True,True,False,False,"finite endpoint change decomposition only; remainder is nonlinear/finite-step closure, not a process rate or tendency attribution"
1,2025-07-19_05:56:00,4,2025-07-19_05:57:00,60,85,49,3,260.9076613679938,260.9188383143247,977.1022198486328,977.1208764648437,296.80073651398516,296.8064408088279,0.01831541396677494,0.018325084820389748,95.8600289792808,95.87863623691607,0.01860725763526716,0.05061574417326875,-0.03388408116296836,0.00188658060770016,0.018618243618000553,-1.098598273339274e-05,True,True,False,False,"finite endpoint change decomposition only; remainder is nonlinear/finite-step closure, not a process rate or tendency attribution"
1,2025-07-19_05:56:00,4,2025-07-19_05:57:00,60,86,47,3,260.80943660755526,260.82017997718367,977.1351220703125,977.1424530029296,296.73257336644264,296.73656779172785,0.018156325444579124,0.018167631700634956,95.43300439401223,95.46952783886121,0.03652344484898151,0.05942777282493494,-0.023630991064593567,0.0007378924998235723,0.03653467426016495,-1.1229411183436011e-05,True,True,False,False,"finite endpoint change decomposition only; remainder is nonlinear/finite-step closure, not a process rate or tendency attribution"
1,2025-07-19_05:56:00,4,2025-07-19_05:57:00,60,86,48,3,260.83684176601525,260.84547752512583,977.1116973876954,977.1297576904296,296.7508405083949,296.7558883078932,0.018198302015662193,0.018209533765912056,95.54302932179498,95.57391050968127,0.030881187886294015,0.0589678884620192,-0.02989399750691248,0.0018200555543483043,0.030893946509455022,-1.2758623161007038e-05,True,True,False,False,"finite endpoint change decomposition only; remainder is nonlinear/finite-step closure, not a process rate or tendency attribution"
1,2025-07-19_05:56:00,4,2025-07-19_05:57:00,60,86,49,3,260.85664708315414,260.8672104115151,977.096259765625,977.1134259033203,296.77124709876506,296.77652895790766,0.018228134140372276,0.0182382483035326,95.5771288272255,95.60059301045833,0.02346418323283217,0.05303245345407205,-0.03128758266661019,0.0017306553646781624,0.023475526152140023,-1.1342919307853055e-05,True,True,False,False,"finite endpoint change decomposition only; remainder is nonlinear/finite-step closure, not a process rate or tendency attribution"
1,2025-07-19_05:56:00,4,2025-07-19_05:57:00,60,87,47,3,260.737246281024,260.7452758104672,977.1410229492187,977.1546124267578,296.6952328537194,296.70016889419196,0.018059760332107544,0.01806919276714325,95.14604233659942,95.16796964594948,0.02192730935006182,0.04969384126592856,-0.029120138376431754,0.0013636290347913418,0.021937331924288147,-1.0022574226328101e-05,True,True,False,False,"finite endpoint change decomposition only; remainder is nonlinear/finite-step closure, not a process rate or tendency attribution"
1,2025-07-19_05:56:00,4,2025-07-19_05:57:00,60,87,48,3,260.7662150376191,260.77573389331377,977.117001953125,977.1340490722656,296.71687332292083,296.7218358592616,0.01809106022119522,0.01810222491621971,95.18073605626347,95.2118910727795,0.031155016516024148,0.05873972433244643,-0.029283433222785246,0.0017113194360456588,0.031167610545706843,-1.259402968269499e-05,True,True,False,False,"finite endpoint change decomposition only; remainder is nonlinear/finite-step closure, not a process rate or tendency attribution"
1,2025-07-19_05:56:00,4,2025-07-19_05:57:00,60,87,49,3,260.7930380756094,260.8025122126308,977.1009686279297,977.1175982666016,296.73538017494764,296.7403410121993,0.018131813034415245,0.018143219873309135,95.28414908872674,95.31644926389387,0.03230017516713701,0.05994386417583036,-0.029302049707638413,0.0016713085439176401,0.03231312301210958,-1.2947844972570344e-05,True,True,False,False,"finite endpoint change decomposition only; remainder is nonlinear/finite-step closure, not a process rate or tendency attribution"
4,2025-07-19_05:57:00,6,2025-07-19_05:57:40,40,85,47,3,260.8805144112652,260.886695698496,977.149248046875,977.1388171386719,296.7602333991583,296.7616498234616,0.018283715471625328,0.01829141192138195,95.93938922237527,95.9702928122782,0.03090358990293396,0.04038526468960657,-0.008422651141520047,-0.0010555285887963908,0.03090708495929013,-3.4950563561723935e-06,True,True,False,False,"finite endpoint change decomposition only; remainder is nonlinear/finite-step closure, not a process rate or tendency attribution"
4,2025-07-19_05:57:00,6,2025-07-19_05:57:40,40,85,48,3,260.9019016028666,260.90762520419713,977.1364929199219,977.1199822998046,296.78221821235076,296.7833568576556,0.018312735483050346,0.018319765105843544,95.95953286982052,95.98792293093744,0.028390061116922993,0.03683553012113549,-0.006771413961637884,-0.0016711902429053485,0.028392925916592256,-2.8647996692630906e-06,True,True,False,False,"finite endpoint change decomposition only; remainder is nonlinear/finite-step closure, not a process rate or tendency attribution"
4,2025-07-19_05:57:00,6,2025-07-19_05:57:40,40,85,49,3,260.9188383143247,260.9237091499974,977.1208764648437,977.1190881347657,296.8064408088279,296.80897729495166,0.018325084820389748,0.018331600353121758,95.87863623691607,95.89747177765285,0.018835540736787948,0.03408990456660869,-0.015069393902834296,-0.00018087164640488286,0.01883963901736951,-4.098280581562447e-06,True,True,False,False,"finite endpoint change decomposition only; remainder is nonlinear/finite-step closure, not a process rate or tendency attribution"
4,2025-07-19_05:57:00,6,2025-07-19_05:57:40,40,86,47,3,260.82017997718367,260.8258106414453,977.1424530029296,977.1493078613281,296.73656779172785,296.7393737895173,0.018167631700634956,0.01817524991929531,95.46952783886121,95.49363980518892,0.024111966327708956,0.04003316174952168,-0.016606223354860054,0.0006902372131349389,0.024117175607796564,-5.209280087608431e-06,True,True,False,False,"finite endpoint change decomposition only; remainder is nonlinear/finite-step closure, not a process rate or tendency attribution"
4,2025-07-19_05:57:00,6,2025-07-19_05:57:40,40,86,48,3,260.84547752512583,260.85226893060434,977.1297576904296,977.1271350097657,296.7558883078932,296.7579909348438,0.018209533765912056,0.018217021599411964,95.57391050968127,95.60048639657744,0.0265758868961683,0.03930037627714074,-0.01245579324663993,-0.00026438764004112756,0.02658019539045968,-4.308494291380138e-06,True,True,False,False,"finite endpoint change decomposition only; remainder is nonlinear/finite-step closure, not a process rate or tendency attribution"
4,2025-07-19_05:57:00,6,2025-07-19_05:57:40,40,86,49,3,260.8672104115151,260.87235228123404,977.1134259033203,977.1185516357422,296.77652895790766,296.77949147189577,0.0182382483035326,0.018245013430714607,95.60059301045833,95.61901396931425,0.018420958855926983,0.035461199980798275,-0.017552482571308117,0.0005168885430805717,0.01842560595257073,-4.6470966437450745e-06,True,True,False,False,"finite endpoint change decomposition only; remainder is nonlinear/finite-step closure, not a process rate or tendency attribution"
4,2025-07-19_05:57:00,6,2025-07-19_05:57:40,40,87,47,3,260.7452758104672,260.7509846351927,977.1546124267578,977.1609307861328,296.70016889419196,296.7032105831428,0.01806919276714325,0.018075568601489067,95.16796964594948,95.1842320447071,0.016262398757618257,0.03358064841688552,-0.01794803247644582,0.0006341552514855461,0.016266771191925242,-4.372434306985223e-06,True,True,False,False,"finite endpoint change decomposition only; remainder is nonlinear/finite-step closure, not a process rate or tendency attribution"
4,2025-07-19_05:57:00,6,2025-07-19_05:57:40,40,87,48,3,260.77573389331377,260.7788412578244,977.1340490722656,977.1597979736329,296.7218358592616,296.726356728002,0.01810222491621971,0.018109744414687157,95.2118910727795,95.22733515578642,0.015444083006926235,0.03955014769277611,-0.02668513853800712,0.0025856937025639172,0.015450702857332906,-6.61985040667154e-06,True,True,False,False,"finite endpoint change decomposition only; remainder is nonlinear/finite-step closure, not a process rate or tendency attribution"
4,2025-07-19_05:57:00,6,2025-07-19_05:57:40,40,87,49,3,260.8025122126308,260.80761830741113,977.1175982666016,977.1240948486328,296.7403410121993,296.74322849837677,0.018143219873309135,0.01815078593790531,95.31644926389387,95.33978515220181,0.023335888307940422,0.03974875558167578,-0.01706071722982767,0.000653133999058525,0.023341172350906634,-5.284042966211683e-06,True,True,False,False,"finite endpoint change decomposition only; remainder is nonlinear/finite-step closure, not a process rate or tendency attribution"
1,2025-07-19_05:56:00,6,2025-07-19_05:57:40,100,85,47,3,260.8695486148441,260.886695698496,977.1301147460938,977.1388171386719,296.75505268156166,296.7616498234616,0.018272189423441887,0.01829141192138195,95.90776623927337,95.9702928122782,0.06252657300483122,0.10089578190369099,-0.03921764669990285,0.0008803350486644158,0.06255847025245255,-3.189724762132917e-05,True,True,False,False,"finite endpoint change decomposition only; remainder is nonlinear/finite-step closure, not a process rate or tendency attribution"
1,2025-07-19_05:56:00,6,2025-07-19_05:57:40,100,85,48,3,260.89293803643744,260.90762520419713,977.1002532958985,977.1199822998046,296.7751953778361,296.7833568576556,0.01830223575234413,0.018319765105843544,95.9425963525739,95.98792293093744,0.045326578363543035,0.09189105144710591,-0.04852901786134662,0.0019966501748951092,0.0453586837606544,-3.210539711136218e-05,True,True,False,False,"finite endpoint change decomposition only; remainder is nonlinear/finite-step closure, not a process rate or tendency attribution"
1,2025-07-19_05:56:00,6,2025-07-19_05:57:40,100,85,49,3,260.9076613679938,260.9237091499974,977.1022198486328,977.1190881347657,296.80073651398516,296.80897729495166,0.01831541396677494,0.018331600353121758,95.8600289792808,95.89747177765285,0.03744279837205511,0.08471702944254728,-0.04895106210537735,0.0017057424102793642,0.03747170974744929,-2.891137539418054e-05,True,True,False,False,"finite endpoint change decomposition only; remainder is nonlinear/finite-step closure, not a process rate or tendency attribution"
1,2025-07-19_05:56:00,6,2025-07-19_05:57:40,100,86,47,3,260.80943660755526,260.8258106414453,977.1351220703125,977.1493078613281,296.73257336644264,296.7393737895173,0.018156325444579124,0.01817524991929531,95.43300439401223,95.49363980518892,0.06063541117669047,0.09947053902822717,-0.04023125366930823,0.00142786591298805,0.060667151271906986,-3.174009521651755e-05,True,True,False,False,"finite endpoint change decomposition only; remainder is nonlinear/finite-step closure, not a process rate or tendency attribution"
1,2025-07-19_05:56:00,6,2025-07-19_05:57:40,100,86,48,3,260.83684176601525,260.85226893060434,977.1116973876954,977.1271350097657,296.7508405083949,296.7579909348438,0.018198302015662193,0.018217021599411964,95.54302932179498,95.60048639657744,0.057457074782462314,0.09827981410336534,-0.04234614122625895,0.0015557507649926214,0.057489423642099004,-3.234885963668971e-05,True,True,False,False,"finite endpoint change decomposition only; remainder is nonlinear/finite-step closure, not a process rate or tendency attribution"
1,2025-07-19_05:56:00,6,2025-07-19_05:57:40,100,86,49,3,260.85664708315414,260.87235228123404,977.096259765625,977.1185516357422,296.77124709876506,296.77949147189577,0.018228134140372276,0.018245013430714607,95.5771288272255,95.61901396931425,0.04188514208875915,0.08850462121561711,-0.048836309128547674,0.002247421364769441,0.04191573345183888,-3.059136307972943e-05,True,True,False,False,"finite endpoint change decomposition only; remainder is nonlinear/finite-step closure, not a process rate or tendency attribution"
1,2025-07-19_05:56:00,6,2025-07-19_05:57:40,100,87,47,3,260.737246281024,260.7509846351927,977.1410229492187,977.1609307861328,296.6952328537194,296.7032105831428,0.018059760332107544,0.018075568601489067,95.14604233659942,95.1842320447071,0.038189708107680076,0.08328428728750704,-0.047064562381515296,0.0019976415103431034,0.03821736641633485,-2.76583086547752e-05,True,True,False,False,"finite endpoint change decomposition only; remainder is nonlinear/finite-step closure, not a process rate or tendency attribution"
1,2025-07-19_05:56:00,6,2025-07-19_05:57:40,100,87,48,3,260.7662150376191,260.7788412578244,977.117001953125,977.1597979736329,296.71687332292083,296.726356728002,0.01809106022119522,0.018109744414687157,95.18073605626347,95.22733515578642,0.04659909952295038,0.09830133046025527,-0.05596062987724973,0.0042961899354534,0.04663689051845894,-3.7790995508560354e-05,True,True,False,False,"finite endpoint change decomposition only; remainder is nonlinear/finite-step closure, not a process rate or tendency attribution"
1,2025-07-19_05:56:00,6,2025-07-19_05:57:40,100,87,49,3,260.7930380756094,260.80761830741113,977.1009686279297,977.1240948486328,296.73538017494764,296.74322849837677,0.018131813034415245,0.01815078593790531,95.28414908872674,95.33978515220181,0.055636063475077435,0.09970414769676812,-0.04635748999138148,0.0023242267022329658,0.05567088440761961,-3.482093254217333e-05,True,True,False,False,"finite endpoint change decomposition only; remainder is nonlinear/finite-step closure, not a process rate or tendency attribution"
